2017-07-13 15:54:46 | request.success | INFO | GET | /api/companies/5656544 | 21596 | 4018363
2017-07-13 15:54:46 | request.success | INFO | GET | /api/companies/5656544 | 21596 | 4018363
2017-07-13 15:54:46 | request.success | INFO | GET | /api/companies/5656544 | 21891 | 4018363
2017-07-13 15:54:47 | request.success | INFO | GET | /api/companies/5656544 | 21806 | 4018363
2017-07-13 15:54:47 | request.success | INFO | GET | /api/companies/5656544 | 21793 | 4018363
2017-07-13 15:54:48 | request.success | INFO | GET | /api/companies/5656544 | 21854 | 4018363
2017-07-13 15:54:48 | request.success | INFO | GET | /api/companies/5656544 | 21771 | 4018363
2017-07-13 15:54:49 | request.success | INFO | GET | /api/companies/5656544 | 24009 | 4018363
2017-07-13 15:54:50 | request.success | INFO | GET | /api/companies/5656544 | 25716 | 4018363
2017-07-13 15:54:53 | request.success | INFO | GET | /api/companies/5656544 | 27711 | 4018363
2017-07-13 15:55:14 | request.success | INFO | GET | /api/companies/5656544 | 20942 | 4018363
2017-07-13 15:55:16 | request.success | INFO | GET | /api/companies/5656544 | 22737 | 4018363
2017-07-13 15:55:16 | request.success | INFO | GET | /api/companies/5656544 | 20616 | 4018363
2017-07-13 15:55:16 | request.success | INFO | GET | /api/companies/5656544 | 20997 | 4018363
2017-07-13 15:55:18 | request.success | INFO | GET | /api/companies/5656544 | 21936 | 4018363
2017-07-13 15:55:20 | request.success | INFO | GET | /api/companies/5656544 | 20558 | 4018363
2017-07-13 15:55:21 | request.success | INFO | GET | /api/companies/5656544 | 24197 | 4018363
2017-07-13 15:55:21 | request.success | INFO | GET | /api/companies/5656544 | 27972 | 4018363
2017-07-13 15:55:22 | request.success | INFO | GET | /api/companies/5656544 | 27180 | 4018363
2017-07-13 15:55:44 | request.success | INFO | GET | /api/companies/5656544 | 20288 | 4018363
2017-07-13 15:55:45 | request.success | INFO | GET | /api/companies/5656544 | 21333 | 4018363
2017-07-13 15:55:48 | request.success | INFO | GET | /api/companies/5656544 | 20996 | 4018363
2017-07-13 15:55:48 | request.success | INFO | GET | /api/companies/5656544 | 21793 | 4018363
2017-07-13 15:55:48 | request.success | INFO | GET | /api/companies/5656544 | 26911 | 4018363
2017-07-13 15:55:48 | request.success | INFO | GET | /api/companies/5656544 | 20612 | 4018363
2017-07-13 15:55:52 | request.success | INFO | GET | /api/companies/5656544 | 27156 | 4018363
2017-07-13 15:55:55 | request.success | INFO | GET | /api/companies/5656544 | 25852 | 4018363
2017-07-13 15:55:57 | request.success | INFO | GET | /api/companies/5656544 | 26784 | 4018363
